# gen;best_fit
0;34
1;14
2;14
3;14
4;6
5;6
6;6
7;6
8;6
9;6
10;6
11;6
12;6
13;6
14;6
15;6
16;6
17;6
18;6
19;6
20;6
21;6
22;6
23;6
24;6
25;6
26;6
27;6
28;6
29;6
30;6
31;6
32;6
33;6
34;6
35;6
36;6
37;6
38;6
39;6
40;6
41;6
42;6
43;6
44;6
45;6
46;6
47;6
48;6
49;6
50;6
51;6
52;6
53;6
54;6
55;6
56;6
57;6
58;6
59;6
60;6
61;6
62;6
63;6
64;6
65;6
66;6
67;6
68;6
69;6
70;6
71;6
72;6
73;6
74;6
75;6
76;6
77;6
78;6
79;6
80;6
81;6
82;6
83;6
84;6
85;6
86;6
87;6
88;6
89;6
90;6
91;6
92;6
93;6
94;6
95;6
96;6
97;6
98;6
99;6
100;6
101;6
102;6
103;6
104;6
105;6
106;6
107;6
108;6
109;6
110;6
111;6
112;6
113;6
114;6
115;6
116;6
117;6
118;6
119;6
120;6
121;6
122;6
123;6
124;6
125;6
126;6
127;6
128;6
129;6
130;6
131;6
132;6
133;6
134;6
135;6
136;6
137;6
138;6
139;6
140;6
141;6
142;6
143;6
144;6
145;6
146;6
147;6
148;6
149;6
150;6
151;6
152;6
153;6
154;6
155;6
156;6
157;6
158;6
159;6
160;6
161;6
162;6
163;6
164;6
165;6
166;6
167;6
168;6
169;6
170;6
171;6
172;6
173;6
174;6
175;6
176;6
177;6
178;6
179;6
180;6
181;6
182;6
183;6
184;6
185;6
186;6
187;6
188;6
189;6
190;6
191;6
192;6
193;6
194;6
195;6
196;6
197;6
198;6
199;6
200;6
201;6
202;6
203;6
204;6
205;6
206;6
207;6
208;6
209;6
210;6
211;6
212;6
213;6
214;6
215;6
216;6
217;6
218;6
219;6
220;6
221;6
222;6
223;6
224;6
225;6
226;6
227;6
228;6
229;6
230;6
231;6
232;6
233;6
234;6
235;6
236;6
237;6
238;6
239;6
240;6
241;6
242;6
243;6
244;6
245;6
246;6
247;6
248;6
249;6
250;6
251;6
252;6
253;6
254;6
255;6
256;6
257;6
258;6
259;6
260;6
261;6
262;6
263;6
264;6
265;6
266;6
267;6
268;6
269;6
270;6
271;6
272;6
273;6
274;6
275;6
276;6
277;6
278;6
279;6
280;6
281;6
282;6
283;6
284;6
285;6
286;6
287;6
288;6
289;6
290;6
291;6
292;6
293;6
294;6
295;6
296;6
297;6
298;6
299;6
300;6
301;6
302;6
303;6
304;6
305;6
306;6
307;6
308;6
309;6
310;6
311;6
312;6
313;6
314;6
315;6
316;6
317;6
318;6
319;6
320;6
321;6
322;6
323;6
324;6
325;6
326;6
327;6
328;6
329;6
330;6
331;6
332;6
333;6
334;6
335;6
336;6
337;6
338;6
339;6
340;6
341;6
342;6
343;6
344;6
345;6
346;6
347;6
348;6
349;6
350;6
351;6
352;6
353;6
354;6
355;6
356;6
357;6
358;6
359;6
360;6
361;6
362;6
363;6
364;6
365;6
366;6
367;6
368;6
369;6
370;6
371;6
372;6
373;6
374;6
375;6
376;6
377;6
378;6
379;6
380;6
381;6
382;6
383;6
384;6
385;6
386;6
387;6
388;6
389;6
390;6
391;6
392;6
393;6
394;6
395;6
396;6
397;6
398;6
399;6
400;6
401;6
402;6
403;6
404;6
405;6
406;6
407;6
408;6
409;6
410;6
411;6
412;6
413;4
414;4
415;4
416;4
417;4
418;4
419;4
420;4
421;4
422;4
423;4
424;4
425;4
426;4
427;4
428;4
429;4
430;4
431;4
432;4
433;4
434;4
435;4
436;4
437;4
438;4
439;4
440;4
441;4
442;4
443;4
444;4
445;4
446;4
447;4
448;4
449;4
450;4
451;4
452;4
453;4
454;4
455;4
456;4
457;4
458;4
459;4
460;4
461;4
462;4
463;4
464;4
465;4
466;4
467;4
468;2
469;2
470;2
471;2
472;2
473;2
474;2
475;2
476;2
477;2
478;2
479;2
480;2
481;2
482;2
483;2
484;2
485;2
486;2
487;2
488;2
489;2
490;2
491;2
492;2
493;2
494;2
495;2
496;2
497;2
498;2
499;2
500;2
501;2
502;2
503;2
504;2
505;2
506;2
507;2
508;2
509;2
510;2
511;2
512;2
513;2
514;2
515;2
516;2
517;2
518;2
519;2
520;2
521;2
522;2
523;2
524;2
525;2
526;2
527;2
528;2
529;2
530;2
531;2
532;2
533;2
534;2
535;2
536;2
537;2
538;2
539;2
540;2
541;2
542;2
543;2
544;2
545;2
546;2
547;2
548;2
549;2
550;2
551;2
552;2
553;2
554;2
555;2
556;2
557;2
558;2
559;2
560;2
561;2
562;2
563;2
564;2
565;2
566;2
567;2
568;2
569;2
570;2
571;2
572;2
573;2
574;2
575;2
576;2
577;2
578;2
579;2
580;2
581;2
582;2
583;2
584;2
585;2
586;2
587;2
588;2
589;2
590;2
591;2
592;2
593;2
594;2
595;2
596;2
597;2
598;2
599;2
600;2
601;2
602;2
603;2
604;2
605;2
606;2
607;2
608;2
609;2
610;2
611;2
612;2
613;2
614;2
615;2
616;2
617;2
618;2
619;2
620;2
621;2
622;2
623;2
624;2
625;2
626;2
627;2
628;2
629;2
630;2
631;2
632;2
633;2
634;2
635;2
636;2
637;2
638;2
639;2
640;2
641;2
642;2
643;2
644;2
645;2
646;2
647;2
648;2
649;2
650;2
651;2
652;2
653;2
654;2
655;2
656;2
657;2
658;2
659;2
660;2
661;2
662;2
663;2
664;2
665;2
666;2
667;2
668;2
669;2
670;2
671;2
672;2
673;2
674;2
675;2
676;2
677;2
678;2
679;2
680;2
681;2
682;2
683;2
684;2
685;2
686;2
687;2
688;2
689;2
690;2
691;2
692;2
693;2
694;2
695;2
696;2
697;2
698;2
699;2
700;2
701;2
702;2
703;2
704;2
705;2
706;2
707;2
708;2
709;2
710;2
711;2
712;2
713;2
714;2
715;2
716;2
717;2
718;2
719;2
720;2
721;2
722;2
723;2
724;2
725;2
726;2
727;2
728;2
729;2
730;2
731;2
732;2
733;2
734;2
735;2
736;2
737;2
738;2
739;2
740;2
741;2
742;2
743;2
744;2
745;2
746;2
747;2
748;2
749;2
750;2
751;2
752;2
753;2
754;2
755;2
756;2
757;2
758;2
759;2
760;2
761;2
762;2
763;2
764;2
765;2
766;2
767;2
768;2
769;2
770;2
771;2
772;2
773;2
774;2
775;2
776;2
777;2
778;2
779;2
780;2
781;2
782;2
783;2
784;2
785;2
786;2
787;2
788;2
789;2
790;2
791;2
792;2
793;2
794;2
795;2
796;2
797;2
798;2
799;2
