id_sol;period;courses;total_credits;period_fit
1;1;hcw310,iwi131,ili260,hxwxx1,mat111,qui104,iwm185,iwn261,ici315,hxwxx2;24;1.77778
1;2;ili252,ili243,ild208,fis100,mat112,iwn170,ici367;23;0.111112
1;3;ici344,iwn270,ili231,ili273,hrw150,iwg101,ili142,dew100,hcw311;23;0.111112
1;4;ili242,ili134,ili363,ili237,mat121,iwi365,iln230;24;1.77778
1;5;ili362,ili274,dew101,fis110,hrw110,ili151,mat122;21;2.77778
1;6;dewxx0,ili275,fis120,mat113,mat123,hrw100,ili238;22;0.444444
1;7;mat210,mat124,mat270,ili334,mat260,ili331;24;1.77778
1;8;ici393,ili221,ili281,ici313,ici382,fis130;21;2.77778
1;9;ici332,icn336,ili381,ili355,ici314,fis140,ile260;22;0.444444
