"Total Time","Mean Performance","Wallclock Time","Incumbent ID","Automatic Configurator Time","Configuration..."
0.0953, 100000000, 0.0003, 0, 0.0953, cross_prob='0.3', max_gen='400', mut_branch_prob='0.1', mut_insert_prob='0.1', mut_move_course_prob='0.7', mut_prob='0.7', popsize='20'
0.1960, 0.0, 25.9939, 0, 0.0960, cross_prob='0.3', max_gen='400', mut_branch_prob='0.1', mut_insert_prob='0.1', mut_move_course_prob='0.7', mut_prob='0.7', popsize='20'
1.6039, -10.0, 382.7393, 0, 0.1039, cross_prob='0.3', max_gen='400', mut_branch_prob='0.1', mut_insert_prob='0.1', mut_move_course_prob='0.7', mut_prob='0.7', popsize='20'
1.8049, -6.666666666666667, 441.4245, 0, 0.1049, cross_prob='0.3', max_gen='400', mut_branch_prob='0.1', mut_insert_prob='0.1', mut_move_course_prob='0.7', mut_prob='0.7', popsize='20'
2.0061, 10.0, 516.2641, 0, 0.1061, cross_prob='0.3', max_gen='400', mut_branch_prob='0.1', mut_insert_prob='0.1', mut_move_course_prob='0.7', mut_prob='0.7', popsize='20'
2.6096, 74.6, 782.3022, 0, 0.1096, cross_prob='0.3', max_gen='400', mut_branch_prob='0.1', mut_insert_prob='0.1', mut_move_course_prob='0.7', mut_prob='0.7', popsize='20'
2.7103, 58.0, 817.2537, 14, 0.1103, cross_prob='0.2', max_gen='600', mut_branch_prob='0.2', mut_insert_prob='0.2', mut_move_course_prob='0.9', mut_prob='0.7', popsize='25'
3.3136, 45.0, 1091.1531, 14, 0.1136, cross_prob='0.2', max_gen='600', mut_branch_prob='0.2', mut_insert_prob='0.2', mut_move_course_prob='0.9', mut_prob='0.7', popsize='25'
4.0176, 38.333333333333336, 1434.6848, 16, 0.1176, cross_prob='0.2', max_gen='600', mut_branch_prob='0.6', mut_insert_prob='0.2', mut_move_course_prob='0.2', mut_prob='0.7', popsize='25'
4.1184, 264.7142857142857, 1517.6035, 16, 0.1184, cross_prob='0.2', max_gen='600', mut_branch_prob='0.6', mut_insert_prob='0.2', mut_move_course_prob='0.2', mut_prob='0.7', popsize='25'
4.9228, 1.1428571428571428, 1964.6892, 18, 0.1228, cross_prob='0.2', max_gen='600', mut_branch_prob='0.6', mut_insert_prob='0.1', mut_move_course_prob='0.2', mut_prob='0.7', popsize='25'
5.0235, 1.0, 2063.4029, 18, 0.1235, cross_prob='0.2', max_gen='600', mut_branch_prob='0.6', mut_insert_prob='0.1', mut_move_course_prob='0.2', mut_prob='0.7', popsize='25'
5.1242, 0.8888888888888888, 2112.1195, 18, 0.1242, cross_prob='0.2', max_gen='600', mut_branch_prob='0.6', mut_insert_prob='0.1', mut_move_course_prob='0.2', mut_prob='0.7', popsize='25'
8.1418, 25.8, 4031.6667, 18, 0.1418, cross_prob='0.2', max_gen='600', mut_branch_prob='0.6', mut_insert_prob='0.1', mut_move_course_prob='0.2', mut_prob='0.7', popsize='25'
8.3431, 23.454545454545453, 4114.0943, 18, 0.1431, cross_prob='0.2', max_gen='600', mut_branch_prob='0.6', mut_insert_prob='0.1', mut_move_course_prob='0.2', mut_prob='0.7', popsize='25'
8.5444, 16.583333333333332, 4239.0830, 18, 0.1444, cross_prob='0.2', max_gen='600', mut_branch_prob='0.6', mut_insert_prob='0.1', mut_move_course_prob='0.2', mut_prob='0.7', popsize='25'
8.7460, 13.76923076923077, 4334.4398, 18, 0.1460, cross_prob='0.2', max_gen='600', mut_branch_prob='0.6', mut_insert_prob='0.1', mut_move_course_prob='0.2', mut_prob='0.7', popsize='25'
8.9473, 36.57142857142857, 4395.8095, 18, 0.1473, cross_prob='0.2', max_gen='600', mut_branch_prob='0.6', mut_insert_prob='0.1', mut_move_course_prob='0.2', mut_prob='0.7', popsize='25'
9.1487, 34.13333333333333, 4527.8413, 18, 0.1487, cross_prob='0.2', max_gen='600', mut_branch_prob='0.6', mut_insert_prob='0.1', mut_move_course_prob='0.2', mut_prob='0.7', popsize='25'
28.1634, 17.466666666666665, 14851.9655, 71, 0.2634, cross_prob='0.2', max_gen='800', mut_branch_prob='0.6', mut_insert_prob='0.1', mut_move_course_prob='0.2', mut_prob='0.7', popsize='25'
28.2651, 16.375, 14991.9825, 71, 0.2651, cross_prob='0.2', max_gen='800', mut_branch_prob='0.6', mut_insert_prob='0.1', mut_move_course_prob='0.2', mut_prob='0.7', popsize='25'
28.3662, 9.529411764705882, 15111.3226, 71, 0.2662, cross_prob='0.2', max_gen='800', mut_branch_prob='0.6', mut_insert_prob='0.1', mut_move_course_prob='0.2', mut_prob='0.7', popsize='25'
28.4765, 18.22222222222222, 15171.5929, 71, 0.2765, cross_prob='0.2', max_gen='800', mut_branch_prob='0.6', mut_insert_prob='0.1', mut_move_course_prob='0.2', mut_prob='0.7', popsize='25'
28.5773, 17.263157894736842, 15242.5199, 71, 0.2773, cross_prob='0.2', max_gen='800', mut_branch_prob='0.6', mut_insert_prob='0.1', mut_move_course_prob='0.2', mut_prob='0.7', popsize='25'
28.6784, 15.4, 15276.9833, 71, 0.2784, cross_prob='0.2', max_gen='800', mut_branch_prob='0.6', mut_insert_prob='0.1', mut_move_course_prob='0.2', mut_prob='0.7', popsize='25'
28.7799, 26.571428571428573, 15333.1903, 71, 0.2799, cross_prob='0.2', max_gen='800', mut_branch_prob='0.6', mut_insert_prob='0.1', mut_move_course_prob='0.2', mut_prob='0.7', popsize='25'
28.8810, 40.81818181818182, 15454.5759, 71, 0.2810, cross_prob='0.2', max_gen='800', mut_branch_prob='0.6', mut_insert_prob='0.1', mut_move_course_prob='0.2', mut_prob='0.7', popsize='25'
28.9821, 39.04347826086956, 15527.1239, 71, 0.2821, cross_prob='0.2', max_gen='800', mut_branch_prob='0.6', mut_insert_prob='0.1', mut_move_course_prob='0.2', mut_prob='0.7', popsize='25'
29.0837, 36.583333333333336, 15562.2261, 71, 0.2837, cross_prob='0.2', max_gen='800', mut_branch_prob='0.6', mut_insert_prob='0.1', mut_move_course_prob='0.2', mut_prob='0.7', popsize='25'
29.1850, 35.12, 15708.1057, 71, 0.2850, cross_prob='0.2', max_gen='800', mut_branch_prob='0.6', mut_insert_prob='0.1', mut_move_course_prob='0.2', mut_prob='0.7', popsize='25'
29.2861, 33.76923076923077, 15854.0829, 71, 0.2861, cross_prob='0.2', max_gen='800', mut_branch_prob='0.6', mut_insert_prob='0.1', mut_move_course_prob='0.2', mut_prob='0.7', popsize='25'
29.3876, 32.51851851851852, 15925.8763, 71, 0.2876, cross_prob='0.2', max_gen='800', mut_branch_prob='0.6', mut_insert_prob='0.1', mut_move_course_prob='0.2', mut_prob='0.7', popsize='25'
29.4890, 34.32142857142857, 15981.2305, 71, 0.2890, cross_prob='0.2', max_gen='800', mut_branch_prob='0.6', mut_insert_prob='0.1', mut_move_course_prob='0.2', mut_prob='0.7', popsize='25'
29.5898, 32.44827586206897, 16015.2724, 71, 0.2898, cross_prob='0.2', max_gen='800', mut_branch_prob='0.6', mut_insert_prob='0.1', mut_move_course_prob='0.2', mut_prob='0.7', popsize='25'
29.6910, 32.03333333333333, 16130.5203, 71, 0.2910, cross_prob='0.2', max_gen='800', mut_branch_prob='0.6', mut_insert_prob='0.1', mut_move_course_prob='0.2', mut_prob='0.7', popsize='25'
29.7923, 54.903225806451616, 16245.4281, 71, 0.2923, cross_prob='0.2', max_gen='800', mut_branch_prob='0.6', mut_insert_prob='0.1', mut_move_course_prob='0.2', mut_prob='0.7', popsize='25'
29.8932, 53.1875, 16381.6018, 71, 0.2932, cross_prob='0.2', max_gen='800', mut_branch_prob='0.6', mut_insert_prob='0.1', mut_move_course_prob='0.2', mut_prob='0.7', popsize='25'
29.9948, 50.96969696969697, 16414.8423, 71, 0.2948, cross_prob='0.2', max_gen='800', mut_branch_prob='0.6', mut_insert_prob='0.1', mut_move_course_prob='0.2', mut_prob='0.7', popsize='25'
30.0962, 49.470588235294116, 16470.5702, 71, 0.2962, cross_prob='0.2', max_gen='800', mut_branch_prob='0.6', mut_insert_prob='0.1', mut_move_course_prob='0.2', mut_prob='0.7', popsize='25'
30.1973, 48.05714285714286, 16537.4468, 71, 0.2973, cross_prob='0.2', max_gen='800', mut_branch_prob='0.6', mut_insert_prob='0.1', mut_move_course_prob='0.2', mut_prob='0.7', popsize='25'
30.2983, 46.72222222222222, 16604.5220, 71, 0.2983, cross_prob='0.2', max_gen='800', mut_branch_prob='0.6', mut_insert_prob='0.1', mut_move_course_prob='0.2', mut_prob='0.7', popsize='25'
30.3993, 44.91891891891892, 16640.7649, 71, 0.2993, cross_prob='0.2', max_gen='800', mut_branch_prob='0.6', mut_insert_prob='0.1', mut_move_course_prob='0.2', mut_prob='0.7', popsize='25'
30.5034, 43.73684210526316, 16782.8829, 71, 0.3034, cross_prob='0.2', max_gen='800', mut_branch_prob='0.6', mut_insert_prob='0.1', mut_move_course_prob='0.2', mut_prob='0.7', popsize='25'
30.6068, 42.12820512820513, 16897.4902, 71, 0.3068, cross_prob='0.2', max_gen='800', mut_branch_prob='0.6', mut_insert_prob='0.1', mut_move_course_prob='0.2', mut_prob='0.7', popsize='25'
30.7098, 45.225, 16952.2537, 71, 0.3098, cross_prob='0.2', max_gen='800', mut_branch_prob='0.6', mut_insert_prob='0.1', mut_move_course_prob='0.2', mut_prob='0.7', popsize='25'
30.8119, 50.46341463414634, 17067.8629, 71, 0.3119, cross_prob='0.2', max_gen='800', mut_branch_prob='0.6', mut_insert_prob='0.1', mut_move_course_prob='0.2', mut_prob='0.7', popsize='25'
30.9138, 49.26190476190476, 17139.6226, 71, 0.3138, cross_prob='0.2', max_gen='800', mut_branch_prob='0.6', mut_insert_prob='0.1', mut_move_course_prob='0.2', mut_prob='0.7', popsize='25'
31.0161, 47.651162790697676, 17173.3481, 71, 0.3161, cross_prob='0.2', max_gen='800', mut_branch_prob='0.6', mut_insert_prob='0.1', mut_move_course_prob='0.2', mut_prob='0.7', popsize='25'
31.1175, 46.56818181818182, 17312.0673, 71, 0.3175, cross_prob='0.2', max_gen='800', mut_branch_prob='0.6', mut_insert_prob='0.1', mut_move_course_prob='0.2', mut_prob='0.7', popsize='25'
31.2189, 45.53333333333333, 17368.3280, 71, 0.3189, cross_prob='0.2', max_gen='800', mut_branch_prob='0.6', mut_insert_prob='0.1', mut_move_course_prob='0.2', mut_prob='0.7', popsize='25'
31.3202, 44.54347826086956, 17438.1685, 71, 0.3202, cross_prob='0.2', max_gen='800', mut_branch_prob='0.6', mut_insert_prob='0.1', mut_move_course_prob='0.2', mut_prob='0.7', popsize='25'
31.4215, 48.276595744680854, 17555.6759, 71, 0.3215, cross_prob='0.2', max_gen='800', mut_branch_prob='0.6', mut_insert_prob='0.1', mut_move_course_prob='0.2', mut_prob='0.7', popsize='25'
31.5230, 46.854166666666664, 17589.2282, 71, 0.3230, cross_prob='0.2', max_gen='800', mut_branch_prob='0.6', mut_insert_prob='0.1', mut_move_course_prob='0.2', mut_prob='0.7', popsize='25'
31.6246, 45.89795918367347, 17650.5865, 71, 0.3246, cross_prob='0.2', max_gen='800', mut_branch_prob='0.6', mut_insert_prob='0.1', mut_move_course_prob='0.2', mut_prob='0.7', popsize='25'
31.7260, 44.98, 17795.3232, 71, 0.3260, cross_prob='0.2', max_gen='800', mut_branch_prob='0.6', mut_insert_prob='0.1', mut_move_course_prob='0.2', mut_prob='0.7', popsize='25'
31.8271, 44.09803921568628, 17853.4662, 71, 0.3271, cross_prob='0.2', max_gen='800', mut_branch_prob='0.6', mut_insert_prob='0.1', mut_move_course_prob='0.2', mut_prob='0.7', popsize='25'
31.9290, 43.25, 17999.7669, 71, 0.3290, cross_prob='0.2', max_gen='800', mut_branch_prob='0.6', mut_insert_prob='0.1', mut_move_course_prob='0.2', mut_prob='0.7', popsize='25'
32.0308, 42.43396226415094, 18072.9800, 71, 0.3308, cross_prob='0.2', max_gen='800', mut_branch_prob='0.6', mut_insert_prob='0.1', mut_move_course_prob='0.2', mut_prob='0.7', popsize='25'
32.1324, 41.27777777777778, 18107.1852, 71, 0.3324, cross_prob='0.2', max_gen='800', mut_branch_prob='0.6', mut_insert_prob='0.1', mut_move_course_prob='0.2', mut_prob='0.7', popsize='25'
32.2339, 40.18181818181818, 18227.2524, 71, 0.3339, cross_prob='0.2', max_gen='800', mut_branch_prob='0.6', mut_insert_prob='0.1', mut_move_course_prob='0.2', mut_prob='0.7', popsize='25'
32.3361, 47.69642857142857, 18347.0775, 71, 0.3361, cross_prob='0.2', max_gen='800', mut_branch_prob='0.6', mut_insert_prob='0.1', mut_move_course_prob='0.2', mut_prob='0.7', popsize='25'
32.4378, 60.01754385964912, 18407.9836, 71, 0.3378, cross_prob='0.2', max_gen='800', mut_branch_prob='0.6', mut_insert_prob='0.1', mut_move_course_prob='0.2', mut_prob='0.7', popsize='25'
32.5391, 58.63793103448276, 18442.9511, 71, 0.3391, cross_prob='0.2', max_gen='800', mut_branch_prob='0.6', mut_insert_prob='0.1', mut_move_course_prob='0.2', mut_prob='0.7', popsize='25'
32.6415, 57.644067796610166, 18514.5901, 71, 0.3415, cross_prob='0.2', max_gen='800', mut_branch_prob='0.6', mut_insert_prob='0.1', mut_move_course_prob='0.2', mut_prob='0.7', popsize='25'
32.7429, 56.68333333333333, 18656.6673, 71, 0.3429, cross_prob='0.2', max_gen='800', mut_branch_prob='0.6', mut_insert_prob='0.1', mut_move_course_prob='0.2', mut_prob='0.7', popsize='25'
32.8446, 58.704918032786885, 18777.7183, 71, 0.3446, cross_prob='0.2', max_gen='800', mut_branch_prob='0.6', mut_insert_prob='0.1', mut_move_course_prob='0.2', mut_prob='0.7', popsize='25'
32.9462, 57.75806451612903, 18849.1481, 71, 0.3462, cross_prob='0.2', max_gen='800', mut_branch_prob='0.6', mut_insert_prob='0.1', mut_move_course_prob='0.2', mut_prob='0.7', popsize='25'
49.6731, 56.84126984126984, 34115.1428, 71, 0.4731, cross_prob='0.2', max_gen='800', mut_branch_prob='0.6', mut_insert_prob='0.1', mut_move_course_prob='0.2', mut_prob='0.7', popsize='25'
49.7747, 55.640625, 34151.0086, 71, 0.4747, cross_prob='0.2', max_gen='800', mut_branch_prob='0.6', mut_insert_prob='0.1', mut_move_course_prob='0.2', mut_prob='0.7', popsize='25'
49.8761, 56.06153846153846, 34206.6558, 71, 0.4761, cross_prob='0.2', max_gen='800', mut_branch_prob='0.6', mut_insert_prob='0.1', mut_move_course_prob='0.2', mut_prob='0.7', popsize='25'
49.9775, 55.21212121212121, 34272.3773, 71, 0.4775, cross_prob='0.2', max_gen='800', mut_branch_prob='0.6', mut_insert_prob='0.1', mut_move_course_prob='0.2', mut_prob='0.7', popsize='25'
50.0789, 54.38805970149254, 34404.9183, 71, 0.4789, cross_prob='0.2', max_gen='800', mut_branch_prob='0.6', mut_insert_prob='0.1', mut_move_course_prob='0.2', mut_prob='0.7', popsize='25'
50.1804, 53.294117647058826, 34437.9092, 71, 0.4804, cross_prob='0.2', max_gen='800', mut_branch_prob='0.6', mut_insert_prob='0.1', mut_move_course_prob='0.2', mut_prob='0.7', popsize='25'
50.2820, 52.52173913043478, 34492.3576, 71, 0.4820, cross_prob='0.2', max_gen='800', mut_branch_prob='0.6', mut_insert_prob='0.1', mut_move_course_prob='0.2', mut_prob='0.7', popsize='25'
50.3835, 51.5, 34604.2643, 71, 0.4835, cross_prob='0.2', max_gen='800', mut_branch_prob='0.6', mut_insert_prob='0.1', mut_move_course_prob='0.2', mut_prob='0.7', popsize='25'
50.4913, 55.0, 34726.4450, 71, 0.4913, cross_prob='0.2', max_gen='800', mut_branch_prob='0.6', mut_insert_prob='0.1', mut_move_course_prob='0.2', mut_prob='0.7', popsize='25'
50.5941, 53.958333333333336, 34764.8537, 71, 0.4941, cross_prob='0.2', max_gen='800', mut_branch_prob='0.6', mut_insert_prob='0.1', mut_move_course_prob='0.2', mut_prob='0.7', popsize='25'
50.6967, 53.21917808219178, 34914.1529, 71, 0.4967, cross_prob='0.2', max_gen='800', mut_branch_prob='0.6', mut_insert_prob='0.1', mut_move_course_prob='0.2', mut_prob='0.7', popsize='25'
50.7987, 52.5, 34981.7085, 71, 0.4987, cross_prob='0.2', max_gen='800', mut_branch_prob='0.6', mut_insert_prob='0.1', mut_move_course_prob='0.2', mut_prob='0.7', popsize='25'
50.9005, 51.8, 35053.1995, 71, 0.5005, cross_prob='0.2', max_gen='800', mut_branch_prob='0.6', mut_insert_prob='0.1', mut_move_course_prob='0.2', mut_prob='0.7', popsize='25'
51.0023, 51.11842105263158, 35122.9503, 71, 0.5023, cross_prob='0.2', max_gen='800', mut_branch_prob='0.6', mut_insert_prob='0.1', mut_move_course_prob='0.2', mut_prob='0.7', popsize='25'
51.1042, 50.714285714285715, 35238.8751, 71, 0.5042, cross_prob='0.2', max_gen='800', mut_branch_prob='0.6', mut_insert_prob='0.1', mut_move_course_prob='0.2', mut_prob='0.7', popsize='25'
51.2062, 50.06410256410256, 35384.4981, 71, 0.5062, cross_prob='0.2', max_gen='800', mut_branch_prob='0.6', mut_insert_prob='0.1', mut_move_course_prob='0.2', mut_prob='0.7', popsize='25'
51.3081, 49.177215189873415, 35418.5211, 71, 0.5081, cross_prob='0.2', max_gen='800', mut_branch_prob='0.6', mut_insert_prob='0.1', mut_move_course_prob='0.2', mut_prob='0.7', popsize='25'
51.4111, 48.5625, 35473.0345, 71, 0.5111, cross_prob='0.2', max_gen='800', mut_branch_prob='0.6', mut_insert_prob='0.1', mut_move_course_prob='0.2', mut_prob='0.7', popsize='25'
51.5130, 47.96296296296296, 35545.3690, 71, 0.5130, cross_prob='0.2', max_gen='800', mut_branch_prob='0.6', mut_insert_prob='0.1', mut_move_course_prob='0.2', mut_prob='0.7', popsize='25'
51.6154, 47.3780487804878, 35606.2987, 71, 0.5154, cross_prob='0.2', max_gen='800', mut_branch_prob='0.6', mut_insert_prob='0.1', mut_move_course_prob='0.2', mut_prob='0.7', popsize='25'
51.7175, 46.80722891566265, 35752.3700, 71, 0.5175, cross_prob='0.2', max_gen='800', mut_branch_prob='0.6', mut_insert_prob='0.1', mut_move_course_prob='0.2', mut_prob='0.7', popsize='25'
51.8192, 45.54761904761905, 35870.3838, 71, 0.5192, cross_prob='0.2', max_gen='800', mut_branch_prob='0.6', mut_insert_prob='0.1', mut_move_course_prob='0.2', mut_prob='0.7', popsize='25'
51.9208, 44.77647058823529, 35903.8620, 71, 0.5208, cross_prob='0.2', max_gen='800', mut_branch_prob='0.6', mut_insert_prob='0.1', mut_move_course_prob='0.2', mut_prob='0.7', popsize='25'
52.0228, 45.41860465116279, 36018.4605, 71, 0.5228, cross_prob='0.2', max_gen='800', mut_branch_prob='0.6', mut_insert_prob='0.1', mut_move_course_prob='0.2', mut_prob='0.7', popsize='25'
52.1244, 44.89655172413793, 36072.2645, 71, 0.5244, cross_prob='0.2', max_gen='800', mut_branch_prob='0.6', mut_insert_prob='0.1', mut_move_course_prob='0.2', mut_prob='0.7', popsize='25'
52.2261, 44.15909090909091, 36106.5587, 71, 0.5261, cross_prob='0.2', max_gen='800', mut_branch_prob='0.6', mut_insert_prob='0.1', mut_move_course_prob='0.2', mut_prob='0.7', popsize='25'
52.3284, 43.662921348314605, 36238.0313, 71, 0.5284, cross_prob='0.2', max_gen='800', mut_branch_prob='0.6', mut_insert_prob='0.1', mut_move_course_prob='0.2', mut_prob='0.7', popsize='25'
52.4302, 43.17777777777778, 36306.0557, 71, 0.5302, cross_prob='0.2', max_gen='800', mut_branch_prob='0.6', mut_insert_prob='0.1', mut_move_course_prob='0.2', mut_prob='0.7', popsize='25'
52.5320, 42.7032967032967, 36441.5741, 71, 0.5320, cross_prob='0.2', max_gen='800', mut_branch_prob='0.6', mut_insert_prob='0.1', mut_move_course_prob='0.2', mut_prob='0.7', popsize='25'
52.6339, 44.19565217391305, 36555.4879, 71, 0.5339, cross_prob='0.2', max_gen='800', mut_branch_prob='0.6', mut_insert_prob='0.1', mut_move_course_prob='0.2', mut_prob='0.7', popsize='25'
52.7357, 43.72043010752688, 36608.0663, 71, 0.5357, cross_prob='0.2', max_gen='800', mut_branch_prob='0.6', mut_insert_prob='0.1', mut_move_course_prob='0.2', mut_prob='0.7', popsize='25'
52.8374, 43.255319148936174, 36673.6617, 71, 0.5374, cross_prob='0.2', max_gen='800', mut_branch_prob='0.6', mut_insert_prob='0.1', mut_move_course_prob='0.2', mut_prob='0.7', popsize='25'
52.9392, 42.589473684210525, 36706.3826, 71, 0.5392, cross_prob='0.2', max_gen='800', mut_branch_prob='0.6', mut_insert_prob='0.1', mut_move_course_prob='0.2', mut_prob='0.7', popsize='25'
53.0411, 41.9375, 36738.0887, 71, 0.5411, cross_prob='0.2', max_gen='800', mut_branch_prob='0.6', mut_insert_prob='0.1', mut_move_course_prob='0.2', mut_prob='0.7', popsize='25'
53.1429, 41.50515463917526, 36802.3331, 71, 0.5429, cross_prob='0.2', max_gen='800', mut_branch_prob='0.6', mut_insert_prob='0.1', mut_move_course_prob='0.2', mut_prob='0.7', popsize='25'
53.2447, 40.88775510204081, 36912.8819, 71, 0.5447, cross_prob='0.2', max_gen='800', mut_branch_prob='0.6', mut_insert_prob='0.1', mut_move_course_prob='0.2', mut_prob='0.7', popsize='25'
53.3463, 40.474747474747474, 36965.1383, 71, 0.5463, cross_prob='0.2', max_gen='800', mut_branch_prob='0.6', mut_insert_prob='0.1', mut_move_course_prob='0.2', mut_prob='0.7', popsize='25'
53.4479, 40.07, 37095.2558, 71, 0.5479, cross_prob='0.2', max_gen='800', mut_branch_prob='0.6', mut_insert_prob='0.1', mut_move_course_prob='0.2', mut_prob='0.7', popsize='25'
53.5495, 39.67326732673267, 37149.7372, 71, 0.5495, cross_prob='0.2', max_gen='800', mut_branch_prob='0.6', mut_insert_prob='0.1', mut_move_course_prob='0.2', mut_prob='0.7', popsize='25'
53.6512, 39.28431372549019, 37213.3027, 71, 0.5512, cross_prob='0.2', max_gen='800', mut_branch_prob='0.6', mut_insert_prob='0.1', mut_move_course_prob='0.2', mut_prob='0.7', popsize='25'
53.7529, 38.71844660194175, 37323.9271, 71, 0.5529, cross_prob='0.2', max_gen='800', mut_branch_prob='0.6', mut_insert_prob='0.1', mut_move_course_prob='0.2', mut_prob='0.7', popsize='25'
53.8551, 38.34615384615385, 37453.0509, 71, 0.5551, cross_prob='0.2', max_gen='800', mut_branch_prob='0.6', mut_insert_prob='0.1', mut_move_course_prob='0.2', mut_prob='0.7', popsize='25'
53.9572, 37.79047619047619, 37486.8259, 71, 0.5572, cross_prob='0.2', max_gen='800', mut_branch_prob='0.6', mut_insert_prob='0.1', mut_move_course_prob='0.2', mut_prob='0.7', popsize='25'
54.0591, 37.24528301886792, 37519.5061, 71, 0.5591, cross_prob='0.2', max_gen='800', mut_branch_prob='0.6', mut_insert_prob='0.1', mut_move_course_prob='0.2', mut_prob='0.7', popsize='25'
54.0613, 37.24528301886792, 37519.5179, 71, 0.5613, cross_prob='0.2', max_gen='800', mut_branch_prob='0.6', mut_insert_prob='0.1', mut_move_course_prob='0.2', mut_prob='0.7', popsize='25'
